name,en,it,es,de,ru,ar,jp,pl
meta_description,We Are Going All Out &Â You are $250 SIGN UP WITH OLYMPUS MARKETS & GET YOUR BONUS TODAY,We Are Going All Out &Â You are $250 SIGN UP WITH OLYMPUS MARKETS & GET YOUR BONUS TODAY,We Are Going All Out &Â You are $250 SIGN UP WITH OLYMPUS MARKETS & GET YOUR BONUS TODAY,We Are Going All Out &Â You are $250 SIGN UP WITH OLYMPUS MARKETS & GET YOUR BONUS TODAY,We Are Going All Out &Â You are $250 SIGN UP WITH OLYMPUS MARKETS & GET YOUR BONUS TODAY,We Are Going All Out &Â You are $250 SIGN UP WITH OLYMPUS MARKETS & GET YOUR BONUS TODAY,%coin% CFDã«ä»Šæ—¥æŠ•è³‡ã™ã‚Œã°ã€250ãƒ‰ãƒ«ã®ãƒœãƒ¼ãƒŠã‚¹ãŒç„¡æ–™ã§æ‰‹ã«å…¥ã‚Šã¾ã™ï¼,"Handluj najpopularniejszÄ… kryptowalutÄ… na rynku<br> Wobec USD, AUD i EUR!"
price,Price,Prezzo,Precio,Kurs,Ğ¦ĞµĞ½Ğ°,Ø§Ù„Ø³Ø¹Ø±,ä¾¡æ ¼,Cena
daily_change,Daily Change,Var. Giornaliera,Cambio Diario,Tagesdifferenz,Ğ¡ÑƒÑ‚. Ğ˜Ğ·Ğ¼ĞµĞ½ĞµĞ½Ğ¸Ğµ,Ø§Ù„ØªØºÙŠØ± Ø§Ù„ÙŠÙˆÙ…ÙŠ,å‰å›æ¯”,Codzienna zmiana
daily_percentage,Daily Percentage,% Giornaliera,Porcentaje Diario,TÃ¤gl. %,Ğ˜Ğ·Ğ¼.Ñ†ĞµĞ½Ñ‹/CÑƒÑ‚. (%),Ø§Ù„Ù†Ø³Ø¨Ø© Ø§Ù„Ù…Ø¦ÙˆÙŠØ© Ø§Ù„ÙŠÙˆÙ…ÙŠØ©,å¤‰å‹•ç‡,Dzienny Odsetek
update_speed,Updated every 15 seconds,Aggiornato ogni 15 secondi,Actualizado cada 15 segundos,Alle 15 Sekunden aktualisiert,Ğ˜Ğ½Ñ„Ğ¾Ñ€Ğ¼Ğ°Ñ†Ğ¸Ñ Ğ¾Ğ±Ğ½Ğ¾Ğ²Ğ»ÑĞµÑ‚ÑÑ ĞºĞ°Ğ¶Ğ´Ñ‹Ğµ 15 ÑĞµĞºÑƒĞ½Ğ´,*ÙŠØªÙ… Ø§Ù„ØªØ­Ø¯ÙŠØ« ÙƒÙ„ 15 Ø«Ø§Ù†ÙŠØ©,15ç§’æ¯ã«æ›´æ–°,*Aktualizacja co 15 sekund
our_traders,Our traders are TRADING <br>%coin% right NOW!<br>,I nostri trader stanno facendo<br>TRADING su %coin% ORA!<br>,Â¡Nuestros traders YA OPERAN %coin%!,Unsere Trader TRADEN JETZT gerade %coin%!,ĞĞ°ÑˆĞ¸ Ñ‚Ñ€ĞµĞ¹Ğ´ĞµÑ€Ñ‹ Ğ¢ĞĞ Ğ“Ğ£Ğ®Ğ¢ %coin% Ğ¿Ñ€ÑĞ¼Ğ¾ Ğ¡Ğ•Ğ™Ğ§ĞĞ¡!,Ø§Ù„Ù…ØªØ¯Ø§ÙˆÙ„ÙˆÙ† Ù…Ø¹Ù†Ø§ ÙŠÙ‚ÙˆÙ…Ùˆ<br>Ø¨ØªØ¯Ø§ÙˆÙ„ Ø¨ÙŠØªÙƒÙˆÙŠÙ† Ø§Ù„Ø¢Ù†!<br>,ä»Šã™ããƒ¬ãƒãƒ¬ãƒƒã‚¸ã‚’åˆ©ç”¨ã—ã¦</br>%coin%FXå–å¼•ã‚’é–‹å§‹ï¼,Nasi inwestorzy handlujÄ… %coin% wÅ‚aÅ›nie teraz!
bitcoin_jump,Bitcoin has jumped a massive 510% in the last 6 months!,Bitcoin Ã¨ schizzato di ben il 510% negli ultimi 6 mesi!,Â¡Bitcoin ha subido un 510% en los Ãºltimos 6 meses!,Bitcoin hat in den letzten sechs Monaten um unglaubliche 510% zugelegt!,Ğ—Ğ° Ğ¿Ğ¾ÑĞ»ĞµĞ´Ğ½Ğ¸Ğµ 6 Ğ¼ĞµÑÑÑ†ĞµĞ² Ñ†ĞµĞ½Ğ° Ğ±Ğ¸Ñ‚ĞºĞ¾Ğ¸Ğ½Ğ° Ğ²Ñ‹Ñ€Ğ¾ÑĞ»Ğ° Ğ½Ğ° Ñ†ĞµĞ»Ñ‹Ñ… 510%!,Ù‚ÙØ² Ø³Ø¹Ø± Ø¨ÙŠØªÙƒÙˆÙŠÙ† Ù‚ÙØ²Ø© Ù‡Ø§Ø¦Ù„Ø©<br>Ø¨Ù†Ø³Ø¨Ø© 510% ÙÙŠ Ø£Ø®Ø± 6 Ø´Ù‡ÙˆØ±!<br>,ãƒ“ãƒƒãƒˆã‚³ã‚¤ãƒ³ã¯ã“ã®6ã‚«æœˆé–“ã§ãªã‚“ã¨510ï¼…ã‚‚ä¸Šæ˜‡ã—ã¾ã—ãŸï¼,Cena Bitcoina wzrosÅ‚a aÅ¼ o 510% w ciÄ…gu ostatnich 6 miesiÄ™cy!
call_to_action_text,Get Your Olympus Markets Trading Account Now & Reap the Rewards of Trading %coin% CFDs. Act Now!,Apri un conto di trading Olympus Markets e approfitta dei vantaggi del fare trading con i CFD su %coin%. Agisci ora!,Consigue tu Cuenta de Trading Olympus Markets Ahora y Cosecha los Frutos de Operar CFD Sobre %coin%. Â¡ActÃºa Ahora!,ErÃ¶ffnen Sie jetzt Ihr Tradingkonto bei Olympus Markets und Nutzen Sie die Vorteile des Handels mit CFDs auf %coin%. Verlieren Sie keine Zeit!,ĞÑ‚ĞºÑ€Ğ¾Ğ¹Ñ‚Ğµ Ñ‚Ğ¾Ñ€Ğ³Ğ¾Ğ²Ñ‹Ğ¹ ÑÑ‡ĞµÑ‚ Ğ² Olympus Markets Ğ¿Ñ€ÑĞ¼Ğ¾ ÑĞµĞ¹Ñ‡Ğ°Ñ Ğ¸ Ğ¿Ğ¾Ğ¶Ğ¸Ğ½Ğ°Ğ¹Ñ‚Ğµ Ğ¿Ğ»Ğ¾Ğ´Ñ‹ Ñ‚Ğ¾Ñ€Ğ³Ğ¾Ğ²Ğ»Ğ¸ CFD Ğ½Ğ° %coin%. Ğ”ĞµĞ¹ÑÑ‚Ğ²ÑƒĞ¹Ñ‚Ğµ!,Ø§Ø­ØµÙ„ Ø¹Ù„Ù‰ Ø­Ø³Ø§Ø¨ Ø§Ù„ØªØ¯Ø§ÙˆÙ„ Ø§Ù„Ø®Ø§Øµ Ø¨Ùƒ Ù…Ø¹ Olympus Markets Ø§Ù„Ø¢Ù† ÙˆØ§Ø³ØªÙ…ØªØ¹ Ø¨Ù…Ø²Ø§ÙŠØ§ ØªØ¯Ø§ÙˆÙ„ Ø¹Ù‚ÙˆØ¯ Ø§Ù„ÙØ±ÙˆÙ‚Ø§Øª Ø¹Ù„Ù‰ Ø¨ÙŠØªÙƒÙˆÙŠÙ†. ØªØµØ±Ù Ø§Ù„Ø¢Ù†!,æ€ã„ç«‹ã£ãŸãŒå‰æ—¥ï¼ä»Šã™ãOlympus Marketsã®å–å¼•å£åº§ã‚’é–‹è¨­ã—ä»®æƒ³é€šè²¨FXã‚’é–‹å§‹ã—ã¦ç´ æ—©ãåˆ©ç›Šãã®æ‰‹ã«ï¼,"OtwÃ³rz rachunek handlowy w Olympus Markets juÅ¼ teraz i skorzystaj
z handlu CFD na %coin%. DziaÅ‚aj teraz!"
trade_button,Trade %coin% now!,FAI TRADING SU %coin% ORA!,Â¡OPERA %coin% AHORA!,JETZT %coin% TRADEN!,Ğ¢ĞĞ Ğ“ĞĞ’ĞĞ¢Ğ¬ %coin%!,ØªØ¯Ø§ÙˆÙ„ Ø¥ÙŠØ«ÙŠØ±ÙŠÙˆÙ… Ø§Ù„Ø¢Ù†! %coin%!,ä»Šã™ã%coin%FXå–å¼•ã‚’å§‹ã‚ã‚ˆã†ï¼,HANDLUJ %coin% JUÅ» TERAZ!
form_join_us,JOIN OLYMPUS MARKETS TODAY,REGISTRATI OGGI SU OLYMPUS MARKETS,VEN A OLYMPUS MARKETS HOY,HEUTE NOCH BEI OLYMPUS MARKETS EINSTEIGEN,ĞŸĞ Ğ˜Ğ¡ĞĞ•Ğ”Ğ˜ĞĞ˜Ğ¢Ğ¬Ğ¡Ğ¯ Ğš OLYMPUS MARKETS,Ø§Ù†Ø¶Ù… Ø¥Ù„Ù‰ OLYMPUS MARKETS Ø§Ù„ÙŠÙˆÙ…,Olympus Marketsã§ä»Šã™ãåˆ©ç›Šã‚’æ‰‹ã«å…¥ã‚Œã‚ˆã†,DOÅÄ„CZ DO OLYMPUS MARKETS JUÅ» DZIÅš
form_first_name,First Name,Nome,Nombre,Vorname,Ğ˜Ğ¼Ñ,Ø§Ù„Ø§Ø³Ù… Ø§Ù„Ø£ÙˆÙ„,å,ImiÄ™
form_last_name,Last Name,Cognome,Apellido,Nachname,Ğ¤Ğ°Ğ¼Ğ¸Ğ»Ğ¸Ñ,Ø§Ù„Ø§Ø³Ù… Ø§Ù„Ø£Ø®ÙŠØ±,å§“,Nazwisko
form_email,Email,Email,Correo ElectrÃ³nico,E-Mail,Email,Ø§Ù„Ø¨Ø±ÙŠØ¯ Ø§Ù„Ø¥Ù„ÙƒØªØ±ÙˆÙ†ÙŠ,Email,Email
form_accept_text,I am over 18 years of age and I accept the,Ho piÃ¹ di 18 anni e accetto i,Tengo mÃ¡s de 18 aÃ±os y acepto los,Ich bin volljÃ¤hrig und akzeptiere die,Ğ¯ ÑÑ‚Ğ°Ñ€ÑˆĞµ 18 Ğ»ĞµÑ‚ Ğ¸ Ñ Ğ¿Ñ€Ğ¸Ğ½Ğ¸Ğ¼Ğ°Ñ,Ø¹Ù…Ø±Ù‰ Ø£ÙƒØ¨Ø± Ù…Ù† 18 Ø¹Ø§Ù…Ù‹Ø§ ÙˆØ£Ù‚Ø¨Ù„,ç§ã¯18æ­³ä»¥ä¸Šã§ã‚ã‚Šã€,Mam ukoÅ„czone 18 lat i akceptujÄ™
form_accept_link,Terms & Conditions,Termini e Condizioni,TÃ©rminos y Condiciones,AGB,Ğ£ÑĞ»Ğ¾Ğ²Ğ¸Ñ Ğ˜ÑĞ¿Ğ¾Ğ»ÑŒĞ·Ğ¾Ğ²Ğ°Ğ½Ğ¸Ñ,Ø§Ù„Ø´Ø±ÙˆØ· ÙˆØ§Ù„Ø£Ø­ÙƒØ§Ù…,åˆ©ç”¨è¦ç´„ã‚’ç¢ºèªåŠã³æ‰¿èªã—ã¾ã—ãŸ,Warunki i zasady
second_title,"Trade the most popular Cryptocurrency in the market against the USD, AUD & EUR!","Fai trading sulla Criptovaluta piÃ¹ popolare sul mercato contro USD, AUD ed EUR!","Â¡Opera las Criptomonedas mÃ¡s populares del mercado frente al USD, AUD y EUR!","Handeln Sie die beliebteste KryptowÃ¤hrung am Markt gegen den USD, AUD und EUR!","Ğ¢Ğ¾Ñ€Ğ³ÑƒĞ¹Ñ‚Ğµ ÑĞ°Ğ¼Ğ¾Ğ¹ Ğ¿Ğ¾Ğ¿ÑƒĞ»ÑÑ€Ğ½Ğ¾Ğ¹ Ğ½Ğ° Ñ€Ñ‹Ğ½ĞºĞµ ĞºÑ€Ğ¸Ğ¿Ñ‚Ğ¾Ğ²Ğ°Ğ»ÑÑ‚Ğ¾Ğ¹ Ğ² Ğ¿Ğ°Ñ€Ğµ Ñ USD, AUD Ğ¸ EUR!",ØªØ¯Ø§ÙˆÙ„ Ø£Ø´Ù‡Ø± Ø¹Ù…Ù„Ø© Ø±Ù‚Ù…ÙŠØ© ÙÙŠ Ø§Ù„Ø³ÙˆÙ‚ Ù…Ù‚Ø§Ø¨Ù„ Ø§Ù„Ø¯ÙˆÙ„Ø§Ø± Ø§Ù„Ø£Ù…Ø±ÙŠÙƒÙŠ ÙˆØ§Ù„Ø¯ÙˆÙ„Ø§Ø± Ø§Ù„Ø£Ø³ØªØ±Ø§Ù„ÙŠ ÙˆØ§Ù„ÙŠÙˆØ±Ùˆ!,å¸‚å ´ã§æœ€ã‚‚äººæ°—ã®ã‚ã‚‹ä»®æƒ³é€šè²¨ã‚’JPYãªã©ã®é€šè²¨ã«å¯¾ã—ã¦å–å¼•ã—ã¾ã—ã‚‡ã†ï¼,"Handluj najpopularniejszÄ… kryptowalutÄ… na rynku<br> Wobec USD, AUD i EUR!"
already_registered,Already registered,GiÃ  registrato,Ya registrado,Bereits registriert,Ğ£Ğ¶Ğµ Ğ·Ğ°Ñ€ĞµĞ³Ğ¸ÑÑ‚Ñ€Ğ¸Ñ€Ğ¾Ğ²Ğ°Ğ½Ñ‹,Ù…Ø³Ø¬Ù„ Ø¨Ø§Ù„ÙØ¹Ù„,ã™ã§ã«ç™»éŒ²,JuÅ¼ zarejestrowany
hurray,Hurray!,Yuppi!,Â¡Genial!,Hurra!,Ğ£Ñ€Ğ°!,Ø§Ø³Ø±Ø¹!,ãŠã‚ã§ã¨ã†ã”ã–ã„ã¾ã™ï¼,Åšwietnie wieÅ›ci!
footer_registred_brand,,,,,,,,
footer,"<p>EN COMPANY INFORMATION: F1Markets Limited is authorised and regulated by the Cyprus Securities and Exchange Commission with CIF Licence number 267/15. F1Markets Limited is operating the website www.strattonmarkets.com for the provision of services within the European Economic Area and Switzerland. RISK WARNING: CFDs are complex instruments and come with a high risk of losing money rapidly due to leverage. Between 74-89% of retail investor accounts lose money when trading CFDs. you should consider whether you understand how CFDs work and whether you can afford to take the high risk of losing your money. please read our risk disclosure document. Stratton Markets does not issue advice, recommendations or opinions in relation to acquiring, holding or disposing of any financial product. F1Markets Limited is not a financial adviser and all services are provided on an execution only basis. Demo accounts may not behave in the exact same manner as real accounts. Leverage and regional restrictions apply – contact us for more information. During times of markets volatility trading risks may increase. Virtual currencies values can widely fluctuate and may result in significant losses. DISCLAIMER: This material is considered as marketing communication. Any opinions, news, research, analysis, prices or other information provided by F1Markets Ltd do not constitute investment recommendations and/or advice. F1Markets Ltd does not take into account your personal investment objectives or financial situation. Past performance does not constitute a reliable indicator of future results. Future forecasts do not constitute a reliable indicator of future performance. F1Markets Ltd makes no representation and assumes no liability as to the accuracy or completeness or validity or timeliness of the information provided, nor any loss arising from any investment based on a communication, forecast or other information supplied by an employee of F1Markets Ltd, a third party or otherwise. Furthermore, this material has not been prepared in accordance with legal requirements promoting the independence of investment research and it is not subject to any prohibition on dealing ahead of the dissemination of investment research. All expressions of opinion are subject to change without notice. Any opinions made may be personal to the author and may not reflect the opinions of Stratton Markets. Trading alerts, signals or market updates provided by Stratton Markets should not be considered as investment advice or investment recommendation. The decision to act on any signal or alert is yours and is taken at your own risk. Research before you trade.</p>","<p>Olympus Markets non offre contratti per differenza (CFD) ai residenti di alcune giurisdizioni, incluse, senza limiti Stati Uniti. Olympus Markets fornisce servizi di esecuzione ed effettua transazioni principal-to-principal con i propri clienti ai prezzi determinati da Olympus Markets e presentati sul sito di Olympus Markets.</p><p>lâ€™intero investimento iniziale, in particolar modo se il trader sceglie di investire lâ€™intero capitale su una singola operazione. Suggeriamo vivamente ai trader di scegliere la strategia di gestione del denaro piÃ¹ adeguata che limiti il numero totale di operazioni consecutive o investimenti totali effettuati. Se si desidera ricevere una strategia di gestione del denaro adeguata, contattare il team di supporto.</p>","<p>Olympus Markets no ofrece contratos por diferencia (CFD) a residentes de algunas jurisdicciones, entre ellas los Estados Unidos de AmÃ©rica. Olympus Markets proporciona servicios de ejecuciÃ³n y entra en transacciones de principal a principal con sus clientes a los precios determinados por Olympus Markets y que aparecen en la pÃ¡gina web de Olympus Markets.</p><p>Aviso de riesgo: Operar CFD conlleva un nivel de riesgo elevado y recomendamos a nuestros clientes encarecidamente que lean con cuidado nuestros TÃ©rminos y condiciones. Aunque el riesgo a la hora de operar CFD estÃ¡ fijado para cada operaciÃ³n individual, las posiciones se realizan en tiempo real y cabe la posibilidad de perder toda la inversiÃ³n original, en especial si un trader decide colocar toda su inversiÃ³n en una sola operaciÃ³n en tiempo real. Recomendamos encarecidamente que los traders elijan una estrategia de gestiÃ³n del capital adecuada que limite las operaciones consecutivas totales o toda la inversiÃ³n pendiente. Si te interesa aplicar una estrategia de gestiÃ³n de capital adecuada, ponte en contacto con nuestro equipo de atenciÃ³n al cliente.</p>","<p>Olympus Markets bietet den Einwohnern bestimmter Rechtsordnungen keine Differenzkontrakte (CFDs) an, darunter die Vereinigten Staaten von Amerika. Olympus Markets stellt AusfÃ¼hrungsdienstleistungen zur VerfÃ¼gung und schlieÃŸt mit seinen Kunden GeschÃ¤fte auf â€Principal-to-Principalâ€œ-Basis ab, d.&nbsp;h. beide Seiten treten als Vertragspartner auf, wobei diese GeschÃ¤fte zu den von Olympus Markets festgelegten Preisen abgewickelt werden, die auf der Website von Olympus Markets verÃ¶ffentlicht sind.</p><p>Risikowarnung: Der Handel mit CFDs birgt ein betrÃ¤chtliches Risiko und wir empfehlen Ihnen dringend, sich unsere AGB durchzulesen. Obwohl das Risiko im CFD-Handel fÃ¼r jeden einzelne Transaktion fix ist, handelt es sich dabei um Transaktionen mit Echtgeld, von daher besteht die MÃ¶glichkeit des Verlustes Ihrer Ersteinlage, insbesondere wenn Trader den gesamten eingezahlten Betrag in eine einzige Transaktion investieren. Wir empfehlen Tradern dringend, eine sinnvolle Money-Management-Strategie zu wÃ¤hlen, die die Zahl der aufeinanderfolgenden Transaktionen oder den gesamten ausstehenden Investitionsbetrag begrenzt. Wenn Sie eine sinnvolle Money-Management-Strategie benÃ¶tigen, wenden Sie sich bitte an unser Support-Team.</p>","<p>Olympus Markets Ğ½Ğµ Ğ¿Ñ€ĞµĞ´Ğ»Ğ°Ğ³Ğ°ĞµÑ‚ ĞºĞ¾Ğ½Ñ‚Ñ€Ğ°ĞºÑ‚Ñ‹ Ğ½Ğ° Ñ€Ğ°Ğ·Ğ½Ğ¸Ñ†Ñƒ Ñ†ĞµĞ½ (CFD) Ğ¶Ğ¸Ñ‚ĞµĞ»ÑĞ¼ Ğ½ĞµĞºĞ¾Ñ‚Ğ¾Ñ€Ñ‹Ñ… ÑÑ‚Ñ€Ğ°Ğ½, Ğ² Ñ‚Ğ¾Ğ¼ Ñ‡Ğ¸ÑĞ»Ğµ Ğ¡Ğ¨Ğ. Olympus Markets Ğ¿Ñ€ĞµĞ´Ğ¾ÑÑ‚Ğ°Ğ²Ğ»ÑĞµÑ‚ ÑƒÑĞ»ÑƒĞ³Ğ¸ Ğ¿Ğ¾ Ğ¸ÑĞ¿Ğ¾Ğ»Ğ½ĞµĞ½Ğ¸Ñ Ñ‚Ğ¾Ñ€Ğ³Ğ¾Ğ²Ñ‹Ñ… ÑĞ´ĞµĞ»Ğ¾Ğº Ğ¸ Ğ·Ğ°ĞºĞ»ÑÑ‡Ğ°ĞµÑ‚ Ñ ĞºĞ»Ğ¸ĞµĞ½Ñ‚Ğ°Ğ¼Ğ¸ ÑĞ´ĞµĞ»ĞºĞ¸ Ğ² Ñ„Ğ¾Ñ€Ğ¼Ğ°Ñ‚Ğµ Â«Ğ¿Ñ€Ğ¸Ğ½Ñ†Ğ¸Ğ¿Ğ°Ğ»-Ğ¿Ñ€Ğ¸Ğ½Ñ†Ğ¸Ğ¿Ğ°Ğ»Â» Ğ¿Ğ¾ Ğ¾Ğ¿Ñ€ĞµĞ´ĞµĞ»ĞµĞ½Ğ½Ñ‹Ğ¼ Olympus Markets Ñ†ĞµĞ½Ğ°Ğ¼, ĞºĞ¾Ñ‚Ğ¾Ñ€Ñ‹Ğµ ÑƒĞºĞ°Ğ·Ñ‹Ğ²Ğ°ÑÑ‚ÑÑ Ğ½Ğ° ÑĞ°Ğ¹Ñ‚Ğµ Olympus Markets.</p><p>ĞŸÑ€ĞµĞ´ÑƒĞ¿Ñ€ĞµĞ¶Ğ´ĞµĞ½Ğ¸Ğµ Ğ¾ Ñ€Ğ¸ÑĞºĞ°Ñ…. Ğ¢Ğ¾Ñ€Ğ³Ğ¾Ğ²Ğ»Ñ CFD ÑĞ¾Ğ¿Ñ€ÑĞ¶ĞµĞ½Ğ° ÑĞ¾ Ğ·Ğ½Ğ°Ñ‡Ğ¸Ñ‚ĞµĞ»ÑŒĞ½Ñ‹Ğ¼ Ñ€Ğ¸ÑĞºĞ¾Ğ¼, Ğ¿Ğ¾ÑÑ‚Ğ¾Ğ¼Ñƒ Ğ¼Ñ‹ Ğ½Ğ°ÑÑ‚Ğ¾ÑÑ‚ĞµĞ»ÑŒĞ½Ğ¾ Ñ€ĞµĞºĞ¾Ğ¼ĞµĞ½Ğ´ÑƒĞµĞ¼ Ğ²Ğ°Ğ¼ Ğ¾Ğ·Ğ½Ğ°ĞºĞ¾Ğ¼Ğ¸Ñ‚ÑŒÑÑ Ñ Ğ½Ğ°ÑˆĞ¸Ğ¼Ğ¸ Ğ£ÑĞ»Ğ¾Ğ²Ğ¸ÑĞ¼Ğ¸. Ğ¥Ğ¾Ñ‚Ñ Ğ¿Ñ€Ğ¸ Ñ‚Ğ¾Ñ€Ğ³Ğ¾Ğ²Ğ»Ğµ CFD Ñ€Ğ¸ÑĞº Ğ¿Ğ¾ ĞºĞ°Ğ¶Ğ´Ğ¾Ğ¹ Ğ¾Ñ‚Ğ´ĞµĞ»ÑŒĞ½Ğ¾Ğ¹ ÑĞ´ĞµĞ»ĞºĞµ ÑĞ²Ğ»ÑĞµÑ‚ÑÑ Ñ„Ğ¸ĞºÑĞ¸Ñ€Ğ¾Ğ²Ğ°Ğ½Ğ½Ñ‹Ğ¼, Ñ‚Ğ¾Ñ€Ğ³Ğ¸ Ğ²ĞµĞ´ÑƒÑ‚ÑÑ Ğ² Ñ€ĞµĞ°Ğ»ÑŒĞ½Ğ¾Ğ¼ Ğ²Ñ€ĞµĞ¼ĞµĞ½Ğ¸, Ğ¸ Ñ‚Ñ€ĞµĞ¹Ğ´ĞµÑ€ Ğ¼Ğ¾Ğ¶ĞµÑ‚ Ğ¿Ğ¾Ñ‚ĞµÑ€ÑÑ‚ÑŒ ÑĞ²Ğ¾Ğ¸ Ğ¿ĞµÑ€Ğ²Ğ¾Ğ½Ğ°Ñ‡Ğ°Ğ»ÑŒĞ½Ñ‹Ğµ Ğ¸Ğ½Ğ²ĞµÑÑ‚Ğ¸Ñ†Ğ¸Ğ¸, Ğ¾ÑĞ¾Ğ±ĞµĞ½Ğ½Ğ¾ ĞµÑĞ»Ğ¸ Ğ²Ğ»Ğ¾Ğ¶Ğ¸Ñ‚ Ğ²ÑĞµ ÑÑ€ĞµĞ´ÑÑ‚Ğ²Ğ° Ğ² Ğ¾Ğ´Ğ½Ñƒ ÑĞ´ĞµĞ»ĞºÑƒ. ĞĞ°ÑÑ‚Ğ¾ÑÑ‚ĞµĞ»ÑŒĞ½Ğ¾ Ñ€ĞµĞºĞ¾Ğ¼ĞµĞ½Ğ´ÑƒĞµĞ¼ Ñ‚Ñ€ĞµĞ¹Ğ´ĞµÑ€Ğ°Ğ¼ Ğ¸ÑĞ¿Ğ¾Ğ»ÑŒĞ·Ğ¾Ğ²Ğ°Ñ‚ÑŒ Ğ½Ğ°Ğ´Ğ»ĞµĞ¶Ğ°Ñ‰ÑƒÑ ÑÑ‚Ñ€Ğ°Ñ‚ĞµĞ³Ğ¸Ñ ÑƒĞ¿Ñ€Ğ°Ğ²Ğ»ĞµĞ½Ğ¸Ñ ÑÑ€ĞµĞ´ÑÑ‚Ğ²Ğ°Ğ¼Ğ¸, ĞºĞ¾Ñ‚Ğ¾Ñ€Ğ°Ñ Ğ¾Ğ³Ñ€Ğ°Ğ½Ğ¸Ñ‡Ğ¸Ğ²Ğ°ĞµÑ‚ Ğ¾Ğ±Ñ‰ĞµĞµ ĞºĞ¾Ğ»Ğ¸Ñ‡ĞµÑÑ‚Ğ²Ğ¾ Ğ·Ğ°ĞºĞ»ÑÑ‡ĞµĞ½Ğ½Ñ‹Ñ… Ğ¿Ğ¾Ğ´Ñ€ÑĞ´ ÑĞ´ĞµĞ»Ğ¾Ğº Ğ¸Ğ»Ğ¸ Ğ¾Ğ±Ñ‰ÑƒÑ ÑÑƒĞ¼Ğ¼Ñƒ Ğ¸Ğ½Ğ²ĞµÑÑ‚Ğ¸Ñ†Ğ¸Ğ¹. Ğ•ÑĞ»Ğ¸ Ğ²Ñ‹ Ñ…Ğ¾Ñ‚Ğ¸Ñ‚Ğµ Ğ¿Ğ¾Ğ»ÑƒÑ‡Ğ¸Ñ‚ÑŒ Ğ½Ğ°Ğ´Ğ»ĞµĞ¶Ğ°Ñ‰ÑƒÑ ÑÑ‚Ñ€Ğ°Ñ‚ĞµĞ³Ğ¸Ñ ÑƒĞ¿Ñ€Ğ°Ğ²Ğ»ĞµĞ½Ğ¸Ñ ÑÑ€ĞµĞ´ÑÑ‚Ğ²Ğ°Ğ¼Ğ¸, Ğ¾Ğ±Ñ€Ğ°Ñ‚Ğ¸Ñ‚ĞµÑÑŒ Ğ² Ğ½Ğ°ÑˆÑƒ ÑĞ»ÑƒĞ¶Ğ±Ñƒ Ğ¿Ğ¾Ğ´Ğ´ĞµÑ€Ğ¶ĞºĞ¸.</p>",<p>Ù„Ø§ ØªÙ‚Ø¯Ù… Ø´Ø±ÙƒØ© Olympus Markets Ø¹Ù‚ÙˆØ¯ Ø§Ù„ÙØ±ÙˆÙ‚Ø§Øª Ù„Ù„Ù…Ù‚ÙŠÙ…ÙŠÙ† ÙÙŠ Ø¨Ø¹Ø¶ Ø§Ù„ÙˆÙ„Ø§ÙŠØ§Øª Ø§Ù„ÙØ¶Ø§Ø¦ÙŠØ© ÙˆØ§Ù„ØªÙŠ ØªØ´Ù…Ù„ Ø¹Ù„Ù‰ Ø³Ø¨ÙŠÙ„ Ø§Ù„Ù…Ø«Ø§Ù„ Ù„Ø§ Ø§Ù„Ø®ØµØ± Ø§Ù„ÙˆÙ„Ø§ÙŠØ§Øª Ø§Ù„Ù…ØªØ­Ø¯Ø© Ø§Ù„Ø£Ù…Ø±ÙŠÙƒÙŠØ©. ØªÙ‚Ø¯Ù… Olympus Markets Ø®Ø¯Ù…Ø§Øª Ø§Ù„ØªÙ†ÙÙŠØ° ÙˆØªØ¯Ø®Ù„ ÙÙŠ Ù…Ø¹Ø§Ù…Ù„Ø§Øª Ø·Ø±Ù Ø±Ø¦ÙŠØ³ÙŠ Ù…Ø¹ Ø·Ø±Ù Ø±Ø¦ÙŠØ³ÙŠ Ù…Ø¹ Ø¹Ù…Ù„Ø§Ø¦Ù‡Ø§ ÙˆÙÙ‚Ù‹Ø§ Ù„Ù„Ø£Ø³Ø¹Ø§Ø± Ø§Ù„ØªÙŠ ØªØ­Ø¯Ø¯Ù‡Ø§ Olympus Markets Ø¹Ù„Ù‰ Ø§Ù„Ù†Ø­Ùˆ Ø§Ù„Ø°ÙŠ ÙŠØ¸Ù‡Ø± Ø¹Ù„Ù‰ Ù…ÙˆÙ‚Ø¹ Olympus Markets Ø§Ù„Ø¥Ù„ÙƒØªØ±ÙˆÙ†ÙŠ.</p><p>Ø§Ù„Ø¥ÙØµØ§Ø­ Ø¹Ù† Ø§Ù„Ù…Ø®Ø§Ø·Ø±: ÙŠÙ†Ø·ÙˆÙŠ ØªØ¯Ø§ÙˆÙ„ Ø¹Ù‚ÙˆØ¯ Ø§Ù„ÙØ±ÙˆÙ‚Ø§Øª Ø¹Ù„Ù‰ Ù…Ø®Ø§Ø·Ø±Ø© ÙƒØ¨ÙŠØ±Ø© ÙˆÙ†Ø­Ù† Ù†Ù†ØµØ­Ùƒ Ø¨Ø´Ø¯Ø© Ø¨Ø§Ù„Ø¥Ø·Ù„Ø§Ø¹ Ø¹Ù„Ù‰ Ø§Ù„Ø´Ø±ÙˆØ· ÙˆØ§Ù„Ø£Ø­ÙƒØ§Ù… Ø§Ù„Ø®Ø§ØµØ© Ø¨Ù†Ø§. ÙˆØ¹Ù„Ù‰ Ø§Ù„Ø±ØºÙ… Ù…Ù† Ø£Ù† Ø§Ù„Ù…Ø®Ø§Ø·Ø±Ø© Ø¹Ù†Ø¯ ØªØ¯Ø§ÙˆÙ„ Ø¹Ù‚ÙˆØ¯ Ø§Ù„ÙØ±ÙˆÙ‚Ø§Øª ØªÙƒÙˆÙ† Ù…Ø­Ø¯Ø¯Ø© Ù„ÙƒÙ„ ØµÙÙ‚Ø© Ø¹Ù„Ù‰ Ø­Ø¯Ø©ØŒ ÙˆÙ„ÙƒÙ† Ø§Ù„ØµÙÙ‚Ø§Øª Ø­ÙŠØ© ÙˆÙ…Ù† Ø§Ù„Ù…Ù…ÙƒÙ† Ø£Ù† ØªØ®Ø³Ø± Ø§Ø³ØªØ«Ù…Ø§Ø±Ùƒ Ø§Ù„Ù…Ø¨Ø¯Ø¦ÙŠØŒ ÙˆÙ„Ø§Ø³ÙŠÙ…Ø§ Ø¥Ø°Ø§ Ù‚Ø±Ø± Ø§Ù„Ù…ØªØ¯Ø§ÙˆÙ„ ÙˆØ¶Ø¹ Ø§Ø³ØªØ«Ù…Ø§Ø±Ø§ØªÙ‡ ÙƒÙ„Ù‡Ø§ ÙÙŠ ØµÙÙ‚Ø© ØªØ¯Ø§ÙˆÙ„ Ø­Ù‚ÙŠÙ‚ÙŠØ© ÙˆØ§Ø­Ø¯Ø©. ÙˆÙ…Ù† Ø§Ù„Ù…Ø³ØªØ­Ø³Ù† Ø¨Ø´Ø¯Ø© Ø£Ù† ÙŠØ®ØªØ§Ø± Ø§Ù„Ù…ØªØ¯Ø§ÙˆÙ„ÙˆÙ† Ø¥Ø³ØªØ±Ø§ØªÙŠØ¬ÙŠØ© Ù…Ù†Ø§Ø³Ø¨Ø© Ù„Ø¥Ø¯Ø§Ø±Ø© Ø§Ù„Ø£Ù…ÙˆØ§Ù„ ÙˆØ§Ù„ØªÙŠ ØªØ¶Ø¹ Ø­Ø¯ÙˆØ¯Ù‹Ø§ Ø¹Ù„Ù‰ Ø¥Ø¬Ù…Ø§Ù„ÙŠ Ø§Ù„Ø§Ø³ØªØ«Ù…Ø§Ø±Ø§Øª Ø§Ù„Ù…ØªØªØ§Ù„ÙŠØ© Ø£Ùˆ Ø¥Ø¬Ù…Ø§Ù„ÙŠ Ø§Ù„Ø§Ø³ØªØ«Ù…Ø§Ø±Ø§Øª Ø§Ù„Ù…Ø¹Ù„Ù‚Ø©. Ø¥Ø°Ø§ ÙƒÙ†Øª ØªØ±ÙŠØ¯ Ø§Ù„Ø­ØµÙˆÙ„ Ø¹Ù„Ù‰ Ø¥Ø³ØªØ±Ø§ØªÙŠØ¬ÙŠØ© Ù…Ù†Ø§Ø³Ø¨Ø© Ù„Ø¥Ø¯Ø§Ø±Ø© Ø§Ù„Ø£Ù…ÙˆØ§Ù„ØŒ ÙŠØ±Ø¬Ù‰ Ø§Ù„ØªÙˆØ§ØµÙ„ Ù…Ø¹ ÙØ±ÙŠÙ‚ Ø§Ù„Ø¯Ø¹Ù… Ø¨Ø§Ù„Ø´Ø±ÙƒØ©.</p>,Olympus Marketsã¯ã€ç±³å›½ã‚’å«ã‚€ï¼ˆä½†ã—ã“ã‚Œã‚‰ã«é™å®šã•ã‚Œãªã„ï¼‰ç‰¹å®šã®è£åˆ¤ç®¡è½„åœå†…ã®ä½æ°‘ã«å·®é‡‘æ±ºæ¸ˆå¥‘ç´„ï¼ˆCFDï¼‰ã‚’æä¾›ã—ã¦ã„ã¾ã›ã‚“ã€‚Olympus Marketsã¯ã€ã‚¨ã‚¯ã‚»ã‚­ãƒ¥ãƒ¼ã‚·ãƒ§ãƒ³ã‚µãƒ¼ãƒ“ã‚¹ã‚’æä¾›ã—ã€Olympus Marketsã®ã‚¦ã‚§ãƒ–ã‚µã‚¤ãƒˆã«æ²è¼‰ã•ã‚Œã¦ã„ã‚‹é€šã‚Šã®ã€Olympus MarketsãŒæ±ºå®šã—ãŸä¾¡æ ¼ã§é¡§å®¢ã¨ã®ç›¸å¯¾å–å¼•ã‚’è¡Œã„ã¾ã™ã€‚ãƒªã‚¹ã‚¯é–‹ç¤ºï¼šCFDå–å¼•ã«ã¯é‡å¤§ãªãƒªã‚¹ã‚¯ãŒä¼´ã†ãŸã‚ã€åˆ©ç”¨è¦ç´„ã‚’ãƒã‚§ãƒƒã‚¯ã™ã‚‹ã“ã¨ã‚’å¼·ããŠå‹§ã‚ã—ã¾ã™ã€‚CFDå–å¼•ã‚’è¡Œã†éš›ã®ãƒªã‚¹ã‚¯ã¯å€‹ã€…ã®å–å¼•ã”ã¨ã«å›ºå®šã•ã‚Œã¦ã„ã¾ã™ãŒã€å–å¼•ã¯ãƒ©ã‚¤ãƒ–ãƒˆãƒ¬ãƒ¼ãƒ‡ã‚£ãƒ³ã‚°ã§ã‚ã‚Šã€ç‰¹ã«ä¿æœ‰æŠ•è³‡é¡ã®ã™ã¹ã¦ã‚’ä¸€å›ã®å–å¼•ã«æŠ•è³‡ã™ã‚‹ã“ã¨ã‚’é¸æŠã—ãŸå ´åˆã€å½“åˆã®æŠ•è³‡é¡ã‚’å¤±ã†å¯èƒ½æ€§ãŒã‚ã‚Šã¾ã™ã€‚é€£ç¶šå–å¼•å›æ•°ã‚„ç·æŠ•è³‡é¡ã‚’åˆ¶é™ã™ã‚‹ãªã©ã€é©åˆ‡ãªãƒãƒãƒ¼ãƒãƒã‚¸ãƒ¡ãƒ³ãƒˆæˆ¦ç•¥ã‚’é¸æŠã™ã‚‹ã“ã¨ã‚’å¼·ãæ¨å¥¨ã—ã¾ã™ã€‚é©åˆ‡ãªãƒãƒãƒ¼ãƒãƒãƒ¼ã‚¸ãƒ¡ãƒ³ãƒˆæˆ¦ç•¥ã‚’å…¥æ‰‹ã•ã‚ŒãŸã„å ´åˆã¯ã€ã‚µãƒãƒ¼ãƒˆãƒãƒ¼ãƒ ã¾ã§ãŠå•ã„åˆã‚ã›ãã ã•ã„ã€‚,"<p>Olympus Markets nie oferuje KontraktÃ³w na RÃ³Å¼nicy Kursowej (CFD) rezydentom niektÃ³rych jurysdykcji, w tym, ale nie wyÅ‚Ä…cznie, StanÃ³w Zjednoczonych Ameryki. Olympus Markets Å›wiadczy usÅ‚ugi realizacji zleceÅ„ i zawiera gÅ‚Ã³wne transakcje ze swoimi klientami po cenach ustalonych przez Olympus Markets, ktÃ³re pojawiajÄ… siÄ™ na stronie internetowej Olympus Markets.</p><p>Ujawnianie informacji na temat ryzyka: Handel kontraktami CFD wiÄ…Å¼e siÄ™ z duÅ¼ym ryzykiem i zdecydowanie zalecamy zapoznanie siÄ™ z naszymi Warunkami handlowymi. ChociaÅ¼ ryzyko zwiÄ…zane z handlem kontraktami CFD jest staÅ‚e dla kaÅ¼dej pojedynczej transakcji, transakcje te sÄ… transakcjami na Å¼ywo i moÅ¼liwa jest strata poczÄ…tkowej inwestycji, szczegÃ³lnie jeÅ›li inwestor zdecyduje siÄ™ umieÅ›ciÄ‡ caÅ‚Ä… swojÄ… inwestycjÄ™ w pojedynczej transakcji na Å¼ywo. Zaleca siÄ™, aby inwestorzy wybierali wÅ‚aÅ›ciwÄ… strategiÄ™ zarzÄ…dzania Å›rodkami pieniÄ™Å¼nymi, ktÃ³ra ogranicza caÅ‚kowitÄ… wartoÅ›Ä‡ inwestycji. JeÅ›li chcesz otrzymaÄ‡ odpowiedniÄ… strategiÄ™ zarzÄ…dzania Å›rodkami, skontaktuj siÄ™ z naszym zespoÅ‚em pomocy.</p>"
footer_privacy_policy,Privacy Policy,Politica sulla riservatezza,PolÃ­tica de privacidad,Datenschutz-Bestimmungen,ĞŸĞ¾Ğ»Ğ¸Ñ‚Ğ¸ĞºĞ° ĞºĞ¾Ğ½Ñ„Ğ¸Ğ´ĞµĞ½Ñ†Ğ¸Ğ°Ğ»ÑŒĞ½Ğ¾ÑÑ‚Ğ¸,Ø³ÙŠØ§Ø³Ø© Ø®Ø§ØµØ©,å€‹äººæƒ…å ±ä¿è­·æ–¹é‡,Polityka prywatnoÅ›ci
footer_privacy_policy_url,https://olympusmarkets.com/corporate/privacy,https://olympusmarkets.com/corporate/privacy,https://olympusmarkets.com/corporate/privacy,https://olympusmarkets.com/corporate/privacy,https://olympusmarkets.com/corporate/privacy,https://olympusmarkets.com/corporate/privacy,https://olympusmarkets.com/corporate/privacy,https://olympusmarkets.com/corporate/privacy
terms,Terms & Conditions,Termini e Condizioni,TÃ©rminos y Condiciones,AGB,Ğ£ÑĞ»Ğ¾Ğ²Ğ¸Ñ Ğ˜ÑĞ¿Ğ¾Ğ»ÑŒĞ·Ğ¾Ğ²Ğ°Ğ½Ğ¸Ñ,Ø§Ù„Ø´Ø±ÙˆØ· ÙˆØ§Ù„Ø£Ø­ÙƒØ§Ù…,åˆ©ç”¨è¦ç´„ã‚’ç¢ºèªåŠã³æ‰¿èªã—ã¾ã—ãŸ,Warunki i zasady
terms_url,https://olympusmarkets.com/corporate/tos/,https://olympusmarkets.com/corporate/tos/,https://olympusmarkets.com/corporate/tos/,https://olympusmarkets.com/corporate/tos/,https://olympusmarkets.com/corporate/tos/,https://olympusmarkets.com/corporate/tos/,https://olympusmarkets.com/corporate/tos/,https://olympusmarkets.com/corporate/tos/
footer_all_rights_reserved,All Rights Reserved,Tutti i diritti riservati,Todos los derechos reservados,Alle Rechte vorbehalten,Ğ’ÑĞµ Ğ¿Ñ€Ğ°Ğ²Ğ° Ğ·Ğ°Ñ‰Ğ¸Ñ‰ĞµĞ½Ñ‹,ÙƒÙ„ Ø§Ù„Ø­Ù‚ÙˆÙ‚ Ù…Ø­ÙÙˆØ¸Ø©,å…¨è‘—ä½œæ¨©æ‰€æœ‰,Wszelkie prawa zastrzeÅ¼one
volatility,%coin% is going through the roof! <mark>Take advantage of the crazy volatility now!</mark>,%coin% sta raggiungendo nuovi massimi! <mark>Approfitta dellâ€™eccezionale volatilitÃ  ora!</mark>,Â¡El precio del %coin% sube como la espuma! <mark>Â¡AprovÃ©chate de esta volatilidad de locura ahora!</mark>,Kursfeuerwerk bei %coin%! <mark>Nutzen Sie jetzt die unglaubliche VolatilitÃ¤t!</mark>,Ğ¦ĞµĞ½Ğ° %coin% Ğ±ÑŒĞµÑ‚ Ğ²ÑĞµ Ñ€ĞµĞºĞ¾Ñ€Ğ´Ñ‹! <mark>ĞĞµ ÑƒĞ¿ÑƒÑÑ‚Ğ¸Ñ‚Ğµ Ğ²Ğ¾Ğ·Ğ¼Ğ¾Ğ¶Ğ½Ğ¾ÑÑ‚ÑŒ Ğ·Ğ°Ñ€Ğ°Ğ±Ğ¾Ñ‚Ğ°Ñ‚ÑŒ Ğ½Ğ° ĞºĞ¾Ğ»Ğ¾ÑÑĞ°Ğ»ÑŒĞ½Ğ¾Ğ¹ Ğ²Ğ¾Ğ»Ğ°Ñ‚Ğ¸Ğ»ÑŒĞ½Ğ¾ÑÑ‚Ğ¸!</mark>,Ø³Ø¹Ø± %coin% ÙŠØµØ¹Ø¯ Ø¨Ø³Ø±Ø¹Ø© Ø§Ù„ØµØ§Ø±ÙˆØ®! Ø§Ø³ØªÙØ¯ Ù…Ù† Ø§Ù„ØªÙ‚Ù„Ø¨Ø§Øª Ø§Ù„Ø¬Ù†ÙˆÙ†ÙŠØ© Ø§Ù„Ø¢Ù†! ØªØ¯Ø§ÙˆÙ„ %coin% ÙˆØ§Ø³ØªÙ…ØªØ¹ Ø¨Ø§Ù„Ù…Ø²Ø§ÙŠØ§!,%coin%ã¯å¤©äº•ã‚’çªãæŠœã‘ã‚ˆã†ã¨ã—ã¦ã„ã¾ã™ï¼<mark>ã“ã®é©šç•°çš„ãªãƒœãƒ©ãƒ†ã‚£ãƒªãƒ†ã‚£ã‚’åˆ©ç”¨ã™ã‚‹ã®ã¯ã¾ã•ã«ä»Šã§ã™ï¼</mark>,"""%coin% stale zyskuje na wartoÅ›ci! <mark>Skorzystaj z jego wielkiej zmiennoÅ›ci juÅ¼ teraz!</mark>"""
trade,<mark>The time to invest in your future is NOW!</mark> Trade %coin% on our award-winning platform!,<mark>Questo Ã¨ il momento di investire nel tuo futuro!</mark> Fai trading su %coin% con la nostra piattaforma premiata!,<mark>Â¡El momento de invertir en tu futuro es AHORA!</mark> Â¡Opera %coin% en nuestra plataforma galardonada!,"<mark>JETZT ist der Zeitpunkt, um in Ihre Zukunft zu investieren!</mark> Traden Sie %coin% auf unserer preisgekrÃ¶nten Plattform!",<h1><mark>Ğ¡Ğ•Ğ™Ğ§ĞĞ¡ Ğ»ÑƒÑ‡ÑˆĞµĞµ Ğ²Ñ€ĞµĞ¼Ñ Ğ¸Ğ½Ğ²ĞµÑÑ‚Ğ¸Ñ€Ğ¾Ğ²Ğ°Ñ‚ÑŒ Ğ² Ğ±ÑƒĞ´ÑƒÑ‰ĞµĞµ!</mark> Ğ¢Ğ¾Ñ€Ğ³ÑƒĞ¹Ñ‚Ğµ %coin% Ğ½Ğ° Ğ½Ğ°ÑˆĞµĞ¹ Ğ¾Ñ‚Ğ¼ĞµÑ‡ĞµĞ½Ğ½Ğ¾Ğ¹ Ğ½Ğ°Ğ³Ñ€Ğ°Ğ´Ğ°Ğ¼Ğ¸ Ğ¿Ğ»Ğ°Ñ‚Ñ„Ğ¾Ñ€Ğ¼Ğµ!</h1>,ÙˆÙ‚Øª Ø§Ù„Ø§Ø³ØªØ«Ù…Ø§Ø± ÙÙŠ Ù…Ø³ØªÙ‚Ø¨Ù„Ùƒ Ù‚Ø¯ Ø­Ø§Ù† Ø§Ù„Ø¢Ù†!ØªØ¯Ø§ÙˆÙ„ %coin% Ø¹Ù„Ù‰ Ù…Ù†ØµØªÙ†Ø§ Ø§Ù„ÙØ§Ø¦Ø²Ø© Ø¨Ø¬ÙˆØ§Ø¦Ø²!,ä»Šã“ãæœªæ¥ã®è²´æ–¹ã¸æŠ•è³‡ã™ã‚‹ãƒãƒ£ãƒ³ã‚¹ï¼<mark>MT4ã§%coin%å–å¼•ã‚’ãŠè©¦ã—ãã ã•ã„ã€‚</mark>,"""<mark>Czas na inwestowanie w swojÄ… przyszÅ‚oÅ›Ä‡</mark>! Handluj %coin% na naszej wielokrotnie nagradzanej platformie!"""
tradingx,Trading %coin% against the USD is trending right NOW! Donâ€™t wait. <mark>Take advantage now and get a bonus too!</mark>,Il trading su %coin%/USD Ã¨ di tendenza! Non aspettare. <mark>Approfittane ora e ricevi un bonus!<mark></mark></mark>,Operar %coin% frente al USD es la Ãºltima tendencia! No esperes mÃ¡s. <mark>Â¡AprovÃ©chate ahora y consigue un bono!</mark>,JETZT voll im Trend: %coin% gegen den USD handeln! Warten Sie nicht. <mark>Nutzen Sie jetzt Ihren Vorteil und Sie Erhalten einen Bonus Obendrein!</mark>,"Ğ¢Ğ¾Ñ€Ğ³Ğ¾Ğ²Ğ»Ñ %coin% Ğ² Ğ¿Ğ°Ñ€Ğµ Ñ Ğ´Ğ¾Ğ»Ğ»Ğ°Ñ€Ğ¾Ğ¼ Ğ¡Ğ¨Ğ Ğ¡Ğ•Ğ™Ğ§ĞĞ¡ Ğ°ĞºÑ‚ÑƒĞ°Ğ»ÑŒĞ½Ğ°, ĞºĞ°Ğº Ğ½Ğ¸ĞºĞ¾Ğ³Ğ´Ğ°!<br>ĞĞµ Ğ¶Ğ´Ğ¸Ñ‚Ğµ. <mark>Ğ’Ğ¾ÑĞ¿Ğ¾Ğ»ÑŒĞ·ÑƒĞ¹Ñ‚ĞµÑÑŒ ÑÑ‚Ğ¾Ğ¹ Ğ²Ğ¾Ğ·Ğ¼Ğ¾Ğ¶Ğ½Ğ¾ÑÑ‚ÑŒÑ Ğ¸ ĞµÑ‰Ğµ Ğ¿Ğ¾Ğ»ÑƒÑ‡Ğ¸Ñ‚Ğµ Ğ±Ğ¾Ğ½ÑƒÑ!</mark>",ØªØ¯Ø§ÙˆÙ„ %coin% Ù…Ù‚Ø§Ø¨Ù„ Ø§Ù„Ø¯ÙˆÙ„Ø§Ø± Ø§Ù„Ø£Ù…Ø±ÙŠÙƒÙŠ ÙŠØ´Ù‡Ø¯ ØµØ¹ÙˆØ¯Ù‹Ø§ ÙƒØ¨ÙŠØ±Ù‹Ø§ Ø§Ù„Ø¢Ù†! Ù„Ø§ ØªÙ†ØªØ¸Ø± - Ø§Ø³ØªÙØ¯ Ø§Ù„Ø¢Ù† ÙˆØ§Ø­ØµÙ„ Ø¹Ù„Ù‰ Ù…ÙƒØ§ÙØ£Ø© Ø£ÙŠØ¶Ù‹Ø§!,å¯¾USDã§%coin%ã‚’å–å¼•ã™ã‚‹ã®ã¯ã¾ã•ã«ä»Šã§ã™ï¼<mark>ã“ã®ãƒãƒ£ãƒ³ã‚¹ã‚’ãŠè¦‹é€ƒã—ãªãã€‚ã“ã®æ©Ÿä¼šã‚’åˆ©ç”¨ã—ã¦ã€ä»Šã™ããƒœãƒ¼ãƒŠã‚¹ã‚‚æ‰‹ã«å…¥ã‚Œã¾ã—ã‚‡ã†ï¼</mark>,"Handel %coin% wobec USD jest obecnie bardzo popularny!
<mark>Nie czekaj. Zacznij handlowaÄ‡ juÅ¼ teraz i odbierz bonus!</mark>"
xtrading,%coin% Trading has Never Been More Lucrative!&nbsp;<mark>Take Advantage Now &amp; Reap the Benefits!</mark>',Il trading su %coin% non Ã¨ mai stato cosÃ¬ remunerativo! <mark>Approfittane ora e cogli i vantaggi!</mark>,Â¡El Trading de %coin% Nunca ha Sido mÃ¡s Lucrativo! <mark>Â¡AprovÃ©chate Ahora y Cosecha los Beneficios!</mark>,Der Handel mit %coin% war nie lukrativer! <mark>Nutzen Sie Jetzt Ihren Vorteil und Streichen Sie Profite ein!</mark>,Ğ¢Ğ¾Ñ€Ğ³Ğ¾Ğ²Ğ»Ñ %coin% ĞµÑ‰Ğµ Ğ½Ğ¸ĞºĞ¾Ğ³Ğ´Ğ° Ğ½Ğµ Ğ±Ñ‹Ğ»Ğ° Ñ‚Ğ°ĞºĞ¾Ğ¹ Ğ¿Ñ€Ğ¸Ğ±Ñ‹Ğ»ÑŒĞ½Ğ¾Ğ¹! <mark>Ğ’Ğ¾ÑĞ¿Ğ¾Ğ»ÑŒĞ·ÑƒĞ¹Ñ‚ĞµÑÑŒ ÑÑ‚Ğ¾Ğ¹ Ğ²Ğ¾Ğ·Ğ¼Ğ¾Ğ¶Ğ½Ğ¾ÑÑ‚ÑŒÑ ÑĞµĞ¹Ñ‡Ğ°Ñ Ğ¸ Ğ¿Ğ¾Ğ¶Ğ¸Ğ½Ğ°Ğ¹Ñ‚Ğµ Ğ¿Ğ»Ğ¾Ğ´Ñ‹ Ğ·Ğ°Ğ²Ñ‚Ñ€Ğ°!</mark>,ØªØ¯Ø§ÙˆÙ„ %coin% Ù‚Ø¯ Ø£ØµØ¨Ø­ Ù…Ø±Ø¨Ø­Ù‹Ø§ Ø£ÙƒØ«Ø± Ù…Ù† Ø£ÙŠ ÙˆÙ‚Øª Ù…Ø¶Ù‰! Ø§Ø³ØªÙØ¯ Ø§Ù„Ø¢Ù† ÙˆØ§Ø³ØªÙ…ØªØ¹ Ø¨Ø§Ù„Ù…Ø²Ø§ÙŠØ§!,ä»Šã»ã©%coin% å–å¼•ãŒå„²ã‹ã£ãŸã“ã¨ã¯ã‚ã‚Šã¾ã›ã‚“ã€‚<mark>ã“ã®æ©Ÿä¼šã‚’åˆ©ç”¨ã—ã¦ã€åˆ©ç›Šã‚’äº«å—ã—ã¾ã—ã‚‡ã†ï¼</mark>,"""Handel %coin% nigdy nie byÅ‚ bardziej dochodowy! <mark>Skorzystaj z zalet tego handlu juÅ¼ teraz!</mark>"""""
